[
 {
   "Source": "Sky News",
   "Topic": "Business",
   "URL": "https://feeds.skynews.com/feeds/rss/business.xml",
   "DefaultImage": "https://stockappnewslogobucket.s3.eu-west-1.amazonaws.com/sky_news_logo.png",
   "ImageTag": "media_thumbnail"
 },
 {
   "Source": "Sky News",
   "Topic": "Technology",
   "URL": "https://feeds.skynews.com/feeds/rss/technology.xml",
   "DefaultImage": "https://stockappnewslogobucket.s3.eu-west-1.amazonaws.com/sky_news_logo.png",
   "ImageTag": "media_thumbnail"
 },
 {
   "Source": "ABC",
   "Topic": "Business",
   "URL": "https://abcnews.go.com/abcnews/moneyheadlines",
   "DefaultImage": "https://stockappnewslogobucket.s3.eu-west-1.amazonaws.com/abc_news_logo.png",
   "ImageTag": "media_thumbnail"
 },
 {
   "Source": "ABC",
   "Topic": "Technology",
   "URL": "https://abcnews.go.com/abcnews/technologyheadlines",
   "DefaultImage": "https://stockappnewslogobucket.s3.eu-west-1.amazonaws.com/abc_news_logo.png",
   "ImageTag": "media_thumbnail"
 },
 {
   "Source": "New York Times",
   "Topic": "Buisness",
   "URL": "https://rss.nytimes.com/services/xml/rss/nyt/Business.xml",
   "ImageTag": "media_content",
   "DefaultImage": "https://stockappnewslogobucket.s3.eu-west-1.amazonaws.com/new_york_times_logo.jpg"
 },
 {
   "Source": "New York Times",
   "Topic": "Economy",
   "URL": "https://rss.nytimes.com/services/xml/rss/nyt/Economy.xml",
   "ImageTag": "media_content",
   "DefaultImage": "https://stockappnewslogobucket.s3.eu-west-1.amazonaws.com/new_york_times_logo.jpg"
 },
 {
   "Source": "New York Times",
   "Topic": "Energy Environment",
   "URL": "https://rss.nytimes.com/services/xml/rss/nyt/EnergyEnvironment.xml",
   "ImageTag": "media_content",
   "DefaultImage": "https://stockappnewslogobucket.s3.eu-west-1.amazonaws.com/new_york_times_logo.jpg"
 },
 {
   "Source": "New York Times",
   "Topic": "Technology",
   "URL": "https://rss.nytimes.com/services/xml/rss/nyt/Technology.xml",
   "ImageTag": "media_content",
   "DefaultImage": "https://stockappnewslogobucket.s3.eu-west-1.amazonaws.com/new_york_times_logo.jpg"
 },
 {
   "Source": "Reuters",
   "Topic": "Deals",
   "URL": "https://www.reutersagency.com/feed/?best-topics=deals&post_type=best",
   "ImageTag": "",
   "DefaultImage": "https://stockappnewslogobucket.s3.eu-west-1.amazonaws.com/reuters_logo.png"
 },
 {
   "Source": "Reuters",
   "Topic": "Business",
   "URL": "https://www.reutersagency.com/feed/?best-topics=business-finance&post_type=best",
   "ImageTag": "",
   "DefaultImage": "https://stockappnewslogobucket.s3.eu-west-1.amazonaws.com/reuters_logo.png"
 },
 {
   "Source": "Reuters",
   "Topic": "Technology",
   "URL": "https://www.reutersagency.com/feed/?best-topics=tech&post_type=best",
   "ImageTag": "",
   "DefaultImage": "https://stockappnewslogobucket.s3.eu-west-1.amazonaws.com/reuters_logo.png"
 },
 {
   "Source": "The Independent",
   "Topic": "Technology",
   "URL": "https://www.independent.ie/business/technology/rss/",
   "ImageTag": "enclosures",
   "DefaultImage": "https://stockappnewslogobucket.s3.eu-west-1.amazonaws.com/irish_independent_Llogo.png"
 },
 {
   "Source": "The Independent",
   "Topic": "Buisness",
   "URL": "https://www.independent.ie/business/world/rss/",
   "ImageTag": "enclosures",
   "DefaultImage": "https://stockappnewslogobucket.s3.eu-west-1.amazonaws.com/irish_independent_Llogo.png"
 },
 {
   "Source": "CNBC",
   "Topic": "Earnings",
   "URL": "https://search.cnbc.com/rs/search/combinedcms/view.xml?partnerId=wrss01&id=15839135",
   "ImageTag": "",
   "DefaultImage": "https://stockappnewslogobucket.s3.eu-west-1.amazonaws.com/cnbc_logo.png"
 },
 {
   "Source": "CNBC",
   "Topic": "Finance",
   "URL": "https://search.cnbc.com/rs/search/combinedcms/view.xml?partnerId=wrss01&id=10000664",
  "ImageTag": "",
   "DefaultImage": "https://stockappnewslogobucket.s3.eu-west-1.amazonaws.com/cnbc_logo.png"
 },
 {
   "Source": "CNBC",
   "Topic": "Buisness",
   "URL": "https://search.cnbc.com/rs/search/combinedcms/view.xml?partnerId=wrss01&id=10001147",
  "ImageTag": "",
   "DefaultImage": "https://stockappnewslogobucket.s3.eu-west-1.amazonaws.com/cnbc_logo.png"
 },
 {
  "Source": "CNBC",
  "Topic":"Top News",
  "URL":"https://search.cnbc.com/rs/search/combinedcms/view.xml?partnerId=wrss01&id=100003114",
  "ImageTag": "",
  "DefaultImage": "https://stockappnewslogobucket.s3.eu-west-1.amazonaws.com/cnbc_logo.png"
 },
 {
  "Source":"CNBC",
  "Topic":"World News",
  "URL":"https://search.cnbc.com/rs/search/combinedcms/view.xml?partnerId=wrss01&id=100727362",
  "ImageTag": "",
  "DefaultImage": "https://stockappnewslogobucket.s3.eu-west-1.amazonaws.com/cnbc_logo.png"
 },
 {
  "Source":"Fox",
  "Topic":"Technology",
  "URL":"https://moxie.foxnews.com/google-publisher/tech.xml",
  "ImageTag": "media_content",
  "DefaultImage": "https://stockappnewslogobucket.s3.eu-west-1.amazonaws.com/fox_news_logo.png"
 }
]