{
  "providers": {
    "awscloudformation": {
      "AuthRoleName": "amplify-stockapp-stockapp-111641-authRole",
      "UnauthRoleArn": "arn:aws:iam::211862813211:role/amplify-stockapp-stockapp-111641-unauthRole",
      "AuthRoleArn": "arn:aws:iam::211862813211:role/amplify-stockapp-stockapp-111641-authRole",
      "Region": "eu-north-1",
      "DeploymentBucketName": "amplify-stockapp-stockapp-111641-deployment",
      "UnauthRoleName": "amplify-stockapp-stockapp-111641-unauthRole",
      "StackName": "amplify-stockapp-stockapp-111641",
      "StackId": "arn:aws:cloudformation:eu-north-1:211862813211:stack/amplify-stockapp-stockapp-111641/7bb40940-4304-11ed-ae51-0a2a44b2ff00",
      "AmplifyAppId": "d2l3aeky8jssr5"
    }
  }
}