{
  "function": {
    "expressServer": {
      "build": true,
      "providerPlugin": "awscloudformation",
      "service": "Lambda"
    },
    "esgDataIngress": {
      "build": true,
      "providerPlugin": "awscloudformation",
      "service": "Lambda"
    },
    "newsArticleScrapingAndSentimentAnalysis": {
      "build": true,
      "providerPlugin": "awscloudformation",
      "service": "Lambda"
    },
    "twitterScraping": {
      "build": true,
      "providerPlugin": "awscloudformation",
      "service": "Lambda"
    }
  },
  "api": {
    "stockapi": {
      "service": "API Gateway",
      "providerPlugin": "awscloudformation",
      "dependsOn": [
        {
          "category": "function",
          "resourceName": "expressServer",
          "attributes": [
            "Name",
            "Arn"
          ]
        }
      ]
    }
  }
}