{
  "AWSTemplateFormatVersion": "2010-09-09",
  "Description": "Lambda Function resource stack creation using Amplify CLI",
  "Parameters": {
    "CloudWatchRule": {
      "Type": "String",
      "Default": "NONE",
      "Description": " Schedule Expression"
    },
    "deploymentBucketName": {
      "Type": "String"
    },
    "env": {
      "Type": "String"
    },
    "s3Key": {
      "Type": "String"
    },
    "secretsPathAmplifyAppId": {
      "Type": "String"
    },
    "environment": {
      "Type": "String"
    },
    "databasename": {
      "Type": "String"
    },
    "crontime": {
      "Type": "String"
    }
  },
  "Conditions": {
    "ShouldNotCreateEnvResources": {
      "Fn::Equals": [
        {
          "Ref": "env"
        },
        "NONE"
      ]
    }
  },
  "Resources": {
    "LambdaFunction": {
      "Type": "AWS::Lambda::Function",
      "Metadata": {
        "aws:asset:path": "./src",
        "aws:asset:property": "Code"
      },
      "Properties": {
        "Code": {
          "S3Bucket": {
            "Ref": "deploymentBucketName"
          },
          "S3Key": {
            "Ref": "s3Key"
          }
        },
        "Handler": "index.handler",
        "FunctionName": {
          "Fn::If": [
            "ShouldNotCreateEnvResources",
            "newsArticleScrapingAndSentimentAnalysis",
            {
              "Fn::Join": [
                "",
                [
                  "newsArticleScrapingAndSentimentAnalysis",
                  "-",
                  {
                    "Ref": "env"
                  }
                ]
              ]
            }
          ]
        },
        "Environment": {
          "Variables": {
            "ENV": {
              "Ref": "env"
            },
            "REGION": {
              "Ref": "AWS::Region"
            },
            "MONGO_URI": {
              "Fn::Join": [
                "",
                [
                  {
                    "Fn::Sub": [
                      "/amplify/${appId}/${env}/AMPLIFY_${functionName}_",
                      {
                        "appId": {
                          "Ref": "secretsPathAmplifyAppId"
                        },
                        "env": {
                          "Ref": "env"
                        },
                        "functionName": "newsArticleScrapingAndSentimentAnalysis"
                      }
                    ]
                  },
                  "MONGO_URI"
                ]
              ]
            },
            "ENVIRONMENT": {
              "Ref": "environment"
            },
            "DATABASENAME": {
              "Ref": "databasename"
            },
            "CRONTIME": {
              "Ref": "crontime"
            }
          }
        },
        "Role": {
          "Fn::GetAtt": [
            "LambdaExecutionRole",
            "Arn"
          ]
        },
        "Runtime": "python3.9",
        "Layers": [],
        "Timeout": 300
      }
    },
    "LambdaExecutionRole": {
      "Type": "AWS::IAM::Role",
      "Properties": {
        "RoleName": {
          "Fn::If": [
            "ShouldNotCreateEnvResources",
            "stockappLambdaRole246282d9",
            {
              "Fn::Join": [
                "",
                [
                  "stockappLambdaRole246282d9",
                  "-",
                  {
                    "Ref": "env"
                  }
                ]
              ]
            }
          ]
        },
        "AssumeRolePolicyDocument": {
          "Version": "2012-10-17",
          "Statement": [
            {
              "Effect": "Allow",
              "Principal": {
                "Service": [
                  "lambda.amazonaws.com"
                ]
              },
              "Action": [
                "sts:AssumeRole"
              ]
            }
          ]
        }
      }
    },
    "lambdaexecutionpolicy": {
      "DependsOn": [
        "LambdaExecutionRole"
      ],
      "Type": "AWS::IAM::Policy",
      "Properties": {
        "PolicyName": "lambda-execution-policy",
        "Roles": [
          {
            "Ref": "LambdaExecutionRole"
          }
        ],
        "PolicyDocument": {
          "Version": "2012-10-17",
          "Statement": [
            {
              "Effect": "Allow",
              "Action": [
                "logs:CreateLogGroup",
                "logs:CreateLogStream",
                "logs:PutLogEvents"
              ],
              "Resource": {
                "Fn::Sub": [
                  "arn:aws:logs:${region}:${account}:log-group:/aws/lambda/${lambda}:log-stream:*",
                  {
                    "region": {
                      "Ref": "AWS::Region"
                    },
                    "account": {
                      "Ref": "AWS::AccountId"
                    },
                    "lambda": {
                      "Ref": "LambdaFunction"
                    }
                  }
                ]
              }
            }
          ]
        }
      }
    },
    "AmplifyFunctionSecretsPolicy": {
      "Type": "AWS::IAM::Policy",
      "Properties": {
        "PolicyName": "amplify-function-secrets-policy",
        "Roles": [
          {
            "Ref": "LambdaExecutionRole"
          }
        ],
        "PolicyDocument": {
          "Version": "2012-10-17",
          "Statement": [
            {
              "Effect": "Allow",
              "Action": [
                "ssm:GetParameter",
                "ssm:GetParameters"
              ],
              "Resource": {
                "Fn::Join": [
                  "",
                  [
                    "arn:aws:ssm:",
                    {
                      "Ref": "AWS::Region"
                    },
                    ":",
                    {
                      "Ref": "AWS::AccountId"
                    },
                    ":parameter",
                    {
                      "Fn::Sub": [
                        "/amplify/${appId}/${env}/AMPLIFY_${functionName}_",
                        {
                          "appId": {
                            "Ref": "secretsPathAmplifyAppId"
                          },
                          "env": {
                            "Ref": "env"
                          },
                          "functionName": "newsArticleScrapingAndSentimentAnalysis"
                        }
                      ]
                    },
                    "*"
                  ]
                ]
              }
            }
          ]
        }
      },
      "DependsOn": [
        "LambdaExecutionRole"
      ]
    },
    "CloudWatchEvent": {
      "Type": "AWS::Events::Rule",
      "Properties": {
        "Description": "Schedule rule for Lambda",
        "ScheduleExpression": {
          "Ref": "CloudWatchRule"
        },
        "State": "ENABLED",
        "Targets": [
          {
            "Arn": {
              "Fn::GetAtt": [
                "LambdaFunction",
                "Arn"
              ]
            },
            "Id": {
              "Ref": "LambdaFunction"
            }
          }
        ]
      }
    },
    "PermissionForEventsToInvokeLambda": {
      "Type": "AWS::Lambda::Permission",
      "Properties": {
        "FunctionName": {
          "Ref": "LambdaFunction"
        },
        "Action": "lambda:InvokeFunction",
        "Principal": "events.amazonaws.com",
        "SourceArn": {
          "Fn::GetAtt": [
            "CloudWatchEvent",
            "Arn"
          ]
        }
      }
    }
  },
  "Outputs": {
    "Name": {
      "Value": {
        "Ref": "LambdaFunction"
      }
    },
    "Arn": {
      "Value": {
        "Fn::GetAtt": [
          "LambdaFunction",
          "Arn"
        ]
      }
    },
    "Region": {
      "Value": {
        "Ref": "AWS::Region"
      }
    },
    "LambdaExecutionRole": {
      "Value": {
        "Ref": "LambdaExecutionRole"
      }
    },
    "CloudWatchEventRule": {
      "Value": {
        "Ref": "CloudWatchEvent"
      }
    }
  }
}